timestamp,accel_x,accel_y,accel_z,gyro_x,gyro_y,gyro_z
2025-08-05T19:46:33.716662536Z,-0.076614,-0.359130,9.719262,-0.003862,-0.010253,-0.014381
2025-08-05T19:46:33.737001248Z,-0.069432,-0.160412,9.791088,-0.016911,-0.011851,-0.014381
2025-08-05T19:46:33.776724494Z,-0.154426,-0.177171,9.800665,0.007057,-0.006924,-0.014381
2025-08-05T19:46:33.796584086Z,-0.141258,-0.190339,9.820416,-0.004128,-0.009987,-0.014381
2025-08-05T19:46:33.816481856Z,-0.062249,-0.192733,9.671976,-0.004927,-0.009055,-0.014381
2025-08-05T19:46:33.836347385Z,-0.100556,-0.225055,9.695918,-0.001864,-0.007856,-0.014381
2025-08-05T19:46:33.856244686Z,-0.102951,-0.191536,9.739014,0.000932,-0.009587,-0.015446
2025-08-05T19:46:33.876074173Z,-0.120907,-0.191536,9.638457,-0.001465,-0.008522,-0.015446
2025-08-05T19:46:33.935720033Z,-0.071826,-0.187945,9.700706,-0.003462,-0.009454,-0.015446
2025-08-05T19:46:33.955606604Z,-0.080206,-0.220267,9.719860,-0.002397,-0.006924,-0.014381
2025-08-05T19:46:33.975403800Z,-0.111330,-0.216675,9.724648,-0.003595,-0.008123,-0.014381
2025-08-05T19:46:33.995313600Z,-0.140061,-0.204704,9.715072,-0.003063,-0.008922,-0.014381
2025-08-05T19:46:34.015156525Z,-0.134075,-0.183156,9.710283,-0.002663,-0.008389,-0.015446
2025-08-05T19:46:34.035070024Z,-0.130484,-0.210690,9.686341,-0.000533,-0.007723,-0.014381
2025-08-05T19:46:34.094644529Z,-0.095768,-0.190339,9.681553,-0.001465,-0.007989,-0.014381
2025-08-05T19:46:34.114597038Z,-0.118513,-0.180762,9.719860,-0.002929,-0.007856,-0.014381
2025-08-05T19:46:34.134432255Z,-0.119710,-0.189142,9.710283,-0.003995,-0.007590,-0.014381
2025-08-05T19:46:34.154272680Z,-0.132878,-0.202310,9.686341,-0.002929,-0.007856,-0.014381
2025-08-05T19:46:34.174170137Z,-0.117316,-0.203507,9.705495,-0.002929,-0.009321,-0.015446
2025-08-05T19:46:34.253616525Z,-0.118513,-0.209493,9.700706,-0.001997,-0.009321,-0.015446
2025-08-05T19:46:34.273480232Z,-0.113725,-0.211887,9.695918,-0.001065,-0.008389,-0.014381
2025-08-05T19:46:34.293346855Z,-0.098162,-0.189142,9.719860,-0.002397,-0.008256,-0.014381
2025-08-05T19:46:34.313238010Z,-0.107739,-0.180762,9.710283,-0.003063,-0.009587,-0.015446
2025-08-05T19:46:34.333130883Z,-0.111330,-0.204704,9.705495,-0.003862,-0.008123,-0.014381
2025-08-05T19:46:34.392727836Z,-0.114922,-0.348356,9.729437,-0.042611,-0.006658,-0.016512
2025-08-05T19:46:34.412561386Z,-0.079009,-0.136469,9.715072,-0.038749,-0.005593,-0.014381
2025-08-05T19:46:34.432472124Z,-0.105345,-0.187945,9.834782,-0.061785,0.003329,-0.011185
2025-08-05T19:46:34.452344060Z,-0.172383,-0.500388,9.399037,-0.058456,0.000932,-0.013316
2025-08-05T19:46:34.472182714Z,-0.153229,-0.256180,9.724648,0.040214,-0.011452,-0.014381
2025-08-05T19:46:34.492077463Z,-0.154426,-0.197522,9.796474,0.044342,-0.019441,-0.015446
2025-08-05T19:46:34.551702802Z,-0.116119,-0.268151,9.667188,-0.017044,-0.005859,-0.015446
2025-08-05T19:46:34.571558696Z,-0.099359,-0.207098,9.753379,0.011185,-0.005060,-0.016512
2025-08-05T19:46:34.591500476Z,-0.114922,-0.256180,9.695918,-0.007191,-0.005326,-0.017577
2025-08-05T19:46:34.611512934Z,-0.138864,-0.258574,9.705495,-0.024767,-0.008256,-0.015446
2025-08-05T19:46:34.631188201Z,-0.136469,-0.246603,9.724648,-0.024235,-0.014248,-0.012251
2025-08-05T19:46:34.651064043Z,-0.120907,-0.253785,9.691130,-0.009987,-0.012517,-0.013316
2025-08-05T19:46:34.690759372Z,-0.130484,-0.383072,9.513959,0.034088,-0.007457,-0.015446
2025-08-05T19:46:34.710657142Z,-0.220267,0.003591,9.849147,-0.069775,-0.000666,-0.026099
2025-08-05T19:46:34.730557932Z,-0.670376,0.087388,9.772532,-0.062185,-0.006924,-0.214651
2025-08-05T19:46:34.750412420Z,0.542287,-0.173580,10.399814,-0.145808,0.007057,-0.163518
2025-08-05T19:46:34.770322637Z,-0.084994,-0.313640,9.753379,-0.144476,-0.006525,-0.013316
2025-08-05T19:46:34.790117905Z,-0.040701,-0.214281,9.758167,-0.212653,0.000000,-0.012251
2025-08-05T19:46:34.810016039Z,0.098162,-0.409408,9.944916,-0.272841,0.003728,-0.023968
2025-08-05T19:46:34.849756109Z,-0.002394,-0.286107,10.102933,-0.627174,0.008389,-0.001598
2025-08-05T19:46:34.869619242Z,-0.322020,-0.614113,10.327988,-0.895354,-0.001997,0.038882
2025-08-05T19:46:34.889492584Z,0.041899,-0.742203,10.452486,-1.317864,0.008522,0.161387
2025-08-05T19:46:34.909378374Z,0.058658,-0.946907,10.093356,-1.637443,0.008922,0.200802
2025-08-05T19:46:34.929301404Z,-0.292093,-1.133654,9.657611,-1.617470,-0.016378,0.209324
2025-08-05T19:46:34.949137402Z,-0.445322,-1.290475,10.184336,-1.612276,0.031825,0.268979
2025-08-05T19:46:35.008724095Z,-0.990002,-1.831564,10.653599,-0.200003,0.138351,0.146474
2025-08-05T19:46:35.028606083Z,-1.029507,-1.742979,10.897807,-0.143411,0.188685,0.216781
2025-08-05T19:46:35.048454893Z,-1.304840,-1.908179,10.912173,-0.231828,0.225703,0.323307
2025-08-05T19:46:35.068308548Z,-1.156399,-1.970428,10.912173,-0.295477,0.353534,0.366983
2025-08-05T19:46:35.088180640Z,-1.066617,-1.869871,11.338341,-0.298940,0.398941,0.412790
2025-08-05T19:46:35.108072055Z,-0.968455,-1.975216,11.323976,-0.261256,0.403868,0.457531
2025-08-05T19:46:35.148038949Z,-0.764947,-1.847127,11.898584,0.074835,0.060454,0.529969
2025-08-05T19:46:35.167937136Z,-1.088165,-1.790863,11.151593,0.091080,-0.044741,0.560861
2025-08-05T19:46:35.187553600Z,-0.981623,-1.702277,10.921750,0.224637,-0.091480,0.573644
2025-08-05T19:46:35.207471890Z,-0.580594,-1.590947,10.744578,0.289752,-0.056992,0.536360
2025-08-05T19:46:35.227349972Z,-0.841562,-1.555034,10.778097,0.389753,-0.096273,0.453270
2025-08-05T19:46:35.247166022Z,-1.001973,-1.587356,10.337564,0.374706,-0.175103,0.468183
2025-08-05T19:46:35.267049364Z,-0.890643,-1.717840,10.069414,0.303334,-0.207194,0.467118
2025-08-05T19:46:35.306970477Z,-0.928950,-1.606509,9.724648,0.319579,-0.506533,0.498011
2025-08-05T19:46:35.326698869Z,-1.036689,-1.622072,9.686341,0.255796,-0.410526,0.543817
2025-08-05T19:46:35.346548722Z,-0.651223,-1.502362,9.844358,0.291483,-0.451672,0.571514
2025-08-05T19:46:35.366438626Z,-0.707487,-1.601721,9.437345,0.341417,-0.454601,0.570449
2025-08-05T19:46:35.386251291Z,-0.476446,-1.738190,9.250597,0.229165,-0.451539,0.587493
2025-08-05T19:46:35.406136351Z,-0.196325,-1.686715,9.739014,0.195742,-0.608399,0.569383
2025-08-05T19:46:35.426013912Z,-0.098162,-1.921347,9.432556,0.182826,-0.703473,0.513990
2025-08-05T19:46:35.446058923Z,-0.086191,-1.746570,9.274539,0.125967,-0.620649,0.487358
2025-08-05T19:46:35.465731117Z,0.142455,-1.425747,9.628881,0.089615,-0.615323,0.519316
2025-08-05T19:46:35.485600553Z,0.096965,-1.300052,9.336788,0.196674,-0.535029,0.571514
2025-08-05T19:46:35.505522697Z,0.138864,-1.243788,8.685565,0.250736,-0.294945,0.740891
2025-08-05T19:46:35.525381456Z,0.611719,-1.154005,9.221867,0.335025,0.062717,0.798415
2025-08-05T19:46:35.545209120Z,0.755371,-1.048660,9.173983,0.448076,0.001332,0.736630
2025-08-05T19:46:35.565110431Z,0.772130,-1.357512,8.613739,0.225436,-0.198139,0.682301
2025-08-05T19:46:35.605062847Z,0.264559,-1.277307,9.332000,-0.128231,-0.584297,0.442617
2025-08-05T19:46:35.644708749Z,-0.173580,-1.206678,9.533113,-0.291216,-0.464189,0.455400
2025-08-05T19:46:35.664745686Z,0.058658,-1.235408,9.370307,-0.170043,-0.271376,0.414920
2025-08-05T19:46:35.684339806Z,0.208296,-1.632846,9.063849,-0.222107,-0.226502,0.402137
2025-08-05T19:46:35.704217628Z,0.290895,-1.709460,9.671976,-0.305065,-0.307861,0.418116
2025-08-05T19:46:35.724074355Z,0.252588,-1.970428,9.604939,-0.233692,-0.339153,0.328634
2025-08-05T19:46:35.783684433Z,0.476446,-1.770512,9.044696,-0.417317,-0.330498,0.206128
2025-08-05T19:46:35.803551212Z,0.905008,-1.690306,9.293693,-0.328367,-0.302002,0.223173
2025-08-05T19:46:35.823432784Z,1.015141,-2.133234,8.690353,-0.152599,-0.202001,0.157126
2025-08-05T19:46:35.843304928Z,1.071405,-2.407370,8.862736,-0.301736,-0.307062,0.159257
2025-08-05T19:46:35.863147332Z,1.121683,-2.492364,9.159617,-0.280830,-0.318247,0.070840
2025-08-05T19:46:35.883026664Z,0.972046,-2.420538,9.389461,-0.272441,-0.268180,0.018642
2025-08-05T19:46:35.922763452Z,0.834379,-2.534262,8.872313,-0.107458,-0.266715,-0.016512
2025-08-05T19:46:35.942656794Z,0.914585,-2.603694,9.422979,-0.307462,-0.163651,0.023968
2025-08-05T19:46:35.962511959Z,0.930147,-2.729390,9.260174,-0.168711,-0.157792,-0.035686
2025-08-05T19:46:35.982348790Z,1.007959,-2.776077,8.972870,-0.188818,-0.062052,-0.021838
2025-08-05T19:46:36.002300258Z,1.156399,-2.742558,8.790910,-0.060187,0.073370,-0.033556
2025-08-05T19:46:36.022146360Z,1.173159,-2.728193,8.699930,-0.022770,0.233426,-0.021838
2025-08-05T19:46:36.042006837Z,1.206678,-2.680309,8.752603,0.041812,0.223173,-0.052731
2025-08-05T19:46:36.081746907Z,0.887052,-2.935291,8.604162,-0.052597,-0.024634,-0.176301
2025-08-05T19:46:36.101634572Z,0.822408,-2.935291,8.446145,-0.144610,0.035154,-0.156061
2025-08-05T19:46:36.121551039Z,0.984017,-2.743755,8.704719,-0.129163,0.147805,-0.129430
2025-08-05T19:46:36.141388704Z,1.108515,-2.852691,9.116522,-0.104928,0.177500,-0.093211
2025-08-05T19:46:36.161225223Z,1.235408,-3.013103,9.164406,-0.053130,0.226768,-0.133691
2025-08-05T19:46:36.181088669Z,1.128866,-2.881422,9.442133,-0.032091,0.093743,-0.157126
2025-08-05T19:46:36.240690257Z,0.810437,-3.303998,9.303269,0.012783,0.050334,-0.185888
2025-08-05T19:46:36.260556255Z,0.776918,-2.926912,9.241020,0.035021,0.059388,-0.127299
2025-08-05T19:46:36.280433504Z,0.705092,-2.728193,8.929773,0.141281,0.157526,-0.118777
2025-08-05T19:46:36.300316481Z,0.578200,-2.858677,8.350377,0.189883,0.191215,-0.131560
2025-08-05T19:46:36.320198157Z,0.525527,-2.863465,8.010401,0.111853,0.186687,-0.093211
2025-08-05T19:46:36.340045301Z,0.634463,-2.753332,7.818864,0.043276,0.226102,-0.091080
2025-08-05T19:46:36.379778599Z,0.503979,-2.713828,7.359178,-0.112785,0.020107,-0.091080
2025-08-05T19:46:36.399640847Z,0.514753,-2.754529,7.153276,-0.166980,-0.045274,-0.081493
2025-08-05T19:46:36.419526221Z,0.541090,-3.049016,7.282563,-0.209591,-0.060054,-0.006924
2025-08-05T19:46:36.439387688Z,0.926556,-2.991555,7.597401,-0.178831,0.071905,0.066046
2025-08-05T19:46:36.459290040Z,1.188721,-3.011906,7.923012,-0.094409,0.145675,0.137419
2025-08-05T19:46:36.479175205Z,1.113304,-3.040636,8.195951,0.025300,0.148338,0.140615
2025-08-05T19:46:36.499071256Z,1.051055,-3.270479,8.301296,0.071905,0.121041,0.119310
2025-08-05T19:46:36.538778304Z,0.697910,-3.095703,8.248624,0.063783,-0.023968,0.127832
2025-08-05T19:46:36.558664355Z,0.726640,-2.961627,8.358757,0.094010,0.089615,0.126766
2025-08-05T19:46:36.578521238Z,0.782904,-2.847903,8.631696,0.153664,0.127299,0.123571
2025-08-05T19:46:36.598375980Z,0.780510,-2.879028,8.377911,0.266449,0.206128,0.093743
2025-08-05T19:46:36.618237077Z,0.752976,-2.726996,8.626907,0.364986,0.311723,-0.009587
2025-08-05T19:46:36.638111246Z,0.404620,-2.625242,8.842385,0.228765,0.067777,0.010653
2025-08-05T19:46:36.697742296Z,0.070629,-2.287660,8.727464,-0.164716,0.205196,0.170442
2025-08-05T19:46:36.717590527Z,0.232238,-2.426523,8.861539,-0.157925,0.289885,0.177899
2025-08-05T19:46:36.737501364Z,0.405817,-2.598906,8.947730,-0.141547,0.259924,0.150202
2025-08-05T19:46:36.757360272Z,0.715866,-2.591723,8.832808,-0.190283,0.159124,0.087352
2025-08-05T19:46:36.777217879Z,0.605733,-2.475605,9.373899,-0.130362,0.062584,0.028762
2025-08-05T19:46:36.797066579Z,0.304064,-2.443283,9.177573,-0.231295,-0.172839,-0.031958
2025-08-05T19:46:36.856681066Z,-0.119710,-2.509123,9.201516,-0.189484,-0.010386,0.060720
2025-08-05T19:46:36.876565965Z,0.216675,-2.518700,9.239823,-0.123171,0.180429,0.105461
2025-08-05T19:46:36.896449197Z,0.361524,-2.578555,9.589376,-0.133025,0.167912,0.101200
2025-08-05T19:46:36.916341075Z,0.205901,-2.732981,9.608530,-0.127698,0.023702,0.051133
2025-08-05T19:46:36.936190088Z,0.146046,-2.862268,9.469666,-0.103331,0.001864,0.002131
2025-08-05T19:46:36.956093007Z,0.135272,-2.780865,9.273342,-0.115847,0.100268,-0.018109
2025-08-05T19:46:37.015683432Z,-0.096965,-2.586935,9.268554,-0.035553,0.146207,-0.049002
2025-08-05T19:46:37.035521246Z,-0.192733,-2.516306,9.196728,-0.103197,0.068976,-0.031958
2025-08-05T19:46:37.055388853Z,-0.193930,-2.500744,9.211093,-0.113184,0.040879,0.013848
2025-08-05T19:46:37.075260575Z,-0.146046,-2.931700,9.024344,-0.047404,0.180562,0.028762
2025-08-05T19:46:37.095150577Z,0.049081,-3.022680,9.019556,-0.068310,0.244877,0.058589
2025-08-05T19:46:37.115010840Z,0.280122,-2.710236,9.570223,-0.081226,0.184291,0.062851
2025-08-05T19:46:37.154733033Z,-0.161609,-2.967613,8.842385,0.147805,0.121174,-0.060720
2025-08-05T19:46:37.174644286Z,-0.429759,-2.879028,8.631696,0.139416,0.155928,-0.059655
2025-08-05T19:46:37.194519080Z,-0.392649,-2.656367,8.708310,-0.005060,0.134356,0.014914
2025-08-05T19:46:37.214345176Z,-0.196325,-2.431312,8.856750,-0.017976,0.283094,0.064981
2025-08-05T19:46:37.234221273Z,0.148441,-2.596512,8.962095,0.101333,0.445280,0.070307
2025-08-05T19:46:37.254082942Z,0.177171,-2.439692,9.263765,0.164450,0.423575,0.067112
2025-08-05T19:46:37.313728315Z,-0.308852,-2.546233,9.020754,-0.060720,0.157393,-0.126766
2025-08-05T19:46:37.333614463Z,-0.582988,-2.331953,9.015965,-0.037684,0.142612,-0.095874
2025-08-05T19:46:37.353454466Z,-0.486023,-2.296039,8.867524,-0.006924,0.436092,-0.012783
2025-08-05T19:46:37.373333322Z,-0.357933,-2.371457,9.011177,0.023702,0.582300,0.008522
2025-08-05T19:46:37.393207336Z,-0.134075,-2.449268,9.360730,-0.038882,0.545149,-0.003196
2025-08-05T19:46:37.413096245Z,-0.071826,-2.279280,9.671976,-0.000266,0.503603,-0.029827
2025-08-05T19:46:37.472687554Z,-0.875081,-2.820370,9.403826,-0.054328,0.499076,-0.226901
2025-08-05T19:46:37.492567245Z,-1.365892,-2.445677,9.284116,-0.051932,0.446745,-0.267381
2025-08-05T19:46:37.512457143Z,-1.592144,-2.395399,9.020754,-0.075101,0.547013,-0.231162
2025-08-05T19:46:37.532307771Z,-1.478420,-2.333150,9.461287,-0.132492,0.627174,-0.173638
2025-08-05T19:46:37.552162409Z,-1.357512,-2.329558,9.849147,-0.123171,0.551407,-0.174703
2025-08-05T19:46:37.572231840Z,-1.392228,-2.560599,9.834782,-0.069375,0.427038,-0.242880
2025-08-05T19:46:37.592118249Z,-1.568202,-2.870648,9.753379,-0.173771,0.226901,-0.298274
2025-08-05T19:46:37.631693461Z,-1.733402,-2.747346,9.643246,-0.247141,0.208525,-0.411192
2025-08-05T19:46:37.651500026Z,-1.854309,-2.774880,9.600150,-0.281096,0.300671,-0.354733
2025-08-05T19:46:37.671359924Z,-1.966837,-2.782062,9.695918,-0.211721,0.390685,-0.300404
2025-08-05T19:46:37.691471335Z,-1.909376,-2.908955,9.681553,-0.151001,0.487225,-0.281230
2025-08-05T19:46:37.711120398Z,-1.696292,-3.204639,9.470863,-0.116646,0.474841,-0.336623
2025-08-05T19:46:37.731024828Z,-2.007538,-3.238158,9.466075,-0.179896,0.362056,-0.334493
2025-08-05T19:46:37.770746240Z,-2.051831,-3.246537,9.600150,-0.224105,0.290417,-0.272707
2025-08-05T19:46:37.790617701Z,-2.298434,-3.416526,9.456498,-0.170309,0.254065,-0.333427
2025-08-05T19:46:37.810494995Z,-2.282871,-3.429694,9.279327,-0.206794,0.144743,-0.317449
2025-08-05T19:46:37.830378487Z,-2.284068,-3.280056,8.800487,-0.195742,0.219711,-0.370712
2025-08-05T19:46:37.850246146Z,-2.407370,-3.189077,8.738237,-0.109589,0.384560,-0.413322
2025-08-05T19:46:37.870289953Z,-2.096124,-3.204639,9.015965,-0.191881,0.391351,-0.314253
2025-08-05T19:46:37.929709854Z,-2.035071,-3.286042,9.475652,-0.115847,0.249671,-0.412257
2025-08-05T19:46:37.949592826Z,-1.978808,-3.386598,9.293693,-0.102532,0.158325,-0.490021
2025-08-05T19:46:37.969433245Z,-2.224213,-3.343503,9.020754,-0.168045,0.034222,-0.478303
2025-08-05T19:46:37.989303560Z,-2.346318,-3.417723,8.805275,-0.187753,0.110787,-0.447411
2025-08-05T19:46:38.009204917Z,-2.298434,-3.482366,9.001600,-0.171374,0.212254,-0.443150
2025-08-05T19:46:38.029046534Z,-2.402581,-3.470395,9.226655,-0.155662,0.147140,-0.427171
2025-08-05T19:46:38.088707897Z,-2.486378,-3.821146,8.652046,-0.172839,0.042344,-0.397343
2025-08-05T19:46:38.108558993Z,-2.761712,-3.678691,8.901043,-0.253133,0.032091,-0.332362
2025-08-05T19:46:38.128433214Z,-2.744952,-3.649961,8.723872,-0.231562,0.199337,-0.269512
2025-08-05T19:46:38.148320717Z,-2.774880,-3.703830,8.872313,-0.190416,0.303866,-0.199204
2025-08-05T19:46:38.168174730Z,-2.737770,-3.810372,8.977658,-0.165515,0.322242,-0.135288
2025-08-05T19:46:38.188042493Z,-2.722207,-4.011485,9.169194,-0.121307,0.331164,-0.124636
2025-08-05T19:46:38.227780206Z,-2.661155,-4.094085,9.255385,-0.070041,0.187620,-0.132093
2025-08-05T19:46:38.247820211Z,-2.604892,-4.280833,9.188348,-0.071106,0.099469,-0.160855
2025-08-05T19:46:38.267527347Z,-2.741361,-4.305972,9.202713,-0.110787,0.027830,-0.170442
2025-08-05T19:46:38.287393131Z,-2.822764,-4.331111,9.173983,-0.103996,-0.007057,-0.153398
2025-08-05T19:46:38.307269384Z,-2.782062,-4.268862,9.173983,-0.066313,0.005593,-0.145941
2025-08-05T19:46:38.327149855Z,-2.806004,-4.278439,9.097368,-0.021305,-0.003995,-0.104396
2025-08-05T19:46:38.386759759Z,-2.616863,-4.249708,9.078215,0.065247,0.034887,-0.054328
2025-08-05T19:46:38.406592574Z,-2.695871,-4.285621,9.006389,0.054462,-0.069642,-0.049002
2025-08-05T19:46:38.426459712Z,-2.619257,-4.285621,8.867524,0.030759,-0.074702,-0.028762
2025-08-05T19:46:38.446339089Z,-2.432509,-4.129998,8.968081,0.062717,-0.027697,-0.013848
2025-08-05T19:46:38.466209509Z,-2.268506,-4.143166,8.867524,0.118777,-0.017311,-0.015979
2025-08-05T19:46:38.486091491Z,-2.239776,-4.200627,8.661623,0.111853,-0.029162,-0.018109
2025-08-05T19:46:38.545801499Z,-2.464831,-4.011485,8.719084,0.048336,-0.106926,-0.038349
2025-08-05T19:46:38.565768430Z,-2.394202,-3.980360,8.608951,0.046605,-0.109456,-0.028762
2025-08-05T19:46:38.585480254Z,-2.467225,-3.988740,8.608951,0.071106,-0.061253,-0.013848
2025-08-05T19:46:38.605350257Z,-2.534262,-3.951630,8.714295,0.063250,-0.037417,0.005326
2025-08-05T19:46:38.625172915Z,-2.570175,-3.792415,8.968081,0.048203,-0.052464,0.019175
2025-08-05T19:46:38.645044168Z,-2.711433,-3.608062,9.121310,0.043143,-0.118511,0.026632
2025-08-05T19:46:38.685043759Z,-2.922123,-3.323152,9.571420,0.055660,-0.211322,0.067112
2025-08-05T19:46:38.704879907Z,-2.918532,-3.440468,9.700706,0.109456,-0.230496,0.095874
2025-08-05T19:46:38.724506365Z,-2.844312,-3.529053,10.007165,0.096806,-0.244877,0.151267
2025-08-05T19:46:38.744441473Z,-2.685097,-3.560178,10.327988,0.100268,-0.315185,0.192813
2025-08-05T19:46:38.764268611Z,-2.609680,-3.562572,10.457274,0.114915,-0.344613,0.214118
2025-08-05T19:46:38.784154082Z,-2.589329,-3.585317,10.299257,0.187486,-0.384693,0.215183
2025-08-05T19:46:38.804042054Z,-2.604892,-3.530250,10.294469,0.162320,-0.493217,0.268446
2025-08-05T19:46:38.843770861Z,-2.495955,-3.518279,10.150817,0.179497,-0.572979,0.341950
2025-08-05T19:46:38.863615082Z,-2.365471,-3.433285,9.796474,0.260590,-0.548478,0.399474
2025-08-05T19:46:38.883511335Z,-2.096124,-3.436877,10.150817,0.332362,-0.472578,0.451672
2025-08-05T19:46:38.903404463Z,-1.981202,-3.228581,9.767744,0.322242,-0.472444,0.497478
2025-08-05T19:46:38.923222902Z,-1.764527,-3.112462,9.566631,0.331963,-0.420113,0.482564
2025-08-05T19:46:38.943131551Z,-1.666364,-3.017891,9.116522,0.406132,-0.373109,0.432497
2025-08-05T19:46:39.002728069Z,-1.343147,-2.961627,8.628104,0.179231,-0.444748,0.559263
2025-08-05T19:46:39.022569842Z,-1.110910,-2.932897,8.857947,0.184956,-0.347809,0.582699
2025-08-05T19:46:39.042464168Z,-0.986411,-2.973598,9.221867,0.185090,-0.385093,0.586960
2025-08-05T19:46:39.062337296Z,-0.955287,-3.118448,9.336788,0.199870,-0.440753,0.527305
2025-08-05T19:46:39.082197559Z,-0.928950,-3.390190,9.375095,0.230896,-0.460993,0.421844
2025-08-05T19:46:39.102122249Z,-0.889446,-3.478775,9.466075,0.128364,-0.568984,0.377103
2025-08-05T19:46:39.122007409Z,-0.843956,-3.353080,9.762956,0.044475,-0.610263,0.319579
2025-08-05T19:46:39.161707413Z,-0.964863,-3.180697,10.093356,0.105062,-0.655004,0.200270
2025-08-05T19:46:39.181633354Z,-0.851139,-3.056198,10.035895,0.177633,-0.637560,0.178964
2025-08-05T19:46:39.201451898Z,-0.854730,-3.058593,9.638457,0.280431,-0.518118,0.152333
2025-08-05T19:46:39.221327994Z,-0.873884,-2.975993,9.389461,0.260856,-0.477638,0.173638
2025-08-05T19:46:39.241150080Z,-0.788889,-2.780865,9.126099,0.184424,-0.488690,0.202400
2025-08-05T19:46:39.261046958Z,-0.770933,-2.485181,9.312846,0.131960,-0.499076,0.226901
2025-08-05T19:46:39.320677226Z,-0.368707,-2.181118,8.810063,0.088017,-0.335824,0.238619
2025-08-05T19:46:39.340735095Z,-0.271742,-2.059013,8.848371,-0.013449,-0.322509,0.248206
2025-08-05T19:46:39.360398585Z,-0.150835,-1.944092,9.044696,-0.053663,-0.344213,0.246076
2025-08-05T19:46:39.380489476Z,-0.195127,-2.141613,9.399037,0.017044,-0.412390,0.183225
2025-08-05T19:46:39.400326040Z,-0.384269,-2.409764,9.173983,0.036485,-0.478969,0.088417
2025-08-05T19:46:39.420001874Z,-0.569820,-2.451663,8.776545,-0.079362,-0.568718,0.030893
2025-08-05T19:46:39.459725473Z,-0.247800,-2.193089,8.819640,-0.208658,-0.465520,0.128897
2025-08-05T19:46:39.479587299Z,0.107739,-2.233790,8.766968,-0.099203,-0.229298,0.221575
2025-08-05T19:46:39.499507041Z,0.436942,-2.457648,8.877101,-0.016245,-0.068443,0.287621
2025-08-05T19:46:39.519380117Z,0.547075,-2.710236,9.269751,0.048869,-0.033156,0.242880
2025-08-05T19:46:39.539236630Z,0.270545,-3.023877,8.924985,0.015846,-0.139949,0.162985
2025-08-05T19:46:39.559150279Z,0.240617,-3.311181,9.015965,-0.078696,-0.209990,0.053263
2025-08-05T19:46:39.618720234Z,-0.119710,-2.979584,8.853159,-0.139017,-0.397210,-0.059655
2025-08-05T19:46:39.638575393Z,0.032322,-3.190274,8.910620,-0.242347,-0.484695,0.013316
2025-08-05T19:46:39.658442114Z,0.013168,-3.179500,9.255385,-0.171507,-0.462724,0.045274
2025-08-05T19:46:39.678314304Z,-0.014365,-3.191471,9.121310,-0.053929,-0.277235,0.069775
2025-08-05T19:46:39.698209776Z,0.549469,-3.258508,9.274539,0.073770,-0.219311,0.097472
2025-08-05T19:46:39.718101237Z,0.758962,-3.181894,8.513183,0.006125,-0.102132,0.142213
2025-08-05T19:46:39.777708745Z,1.185130,-2.835932,8.690353,-0.130495,0.105994,0.157126
2025-08-05T19:46:39.797552081Z,1.341950,-3.114856,8.982447,-0.077498,0.068976,0.090015
2025-08-05T19:46:39.817414531Z,1.491588,-3.429694,8.915408,-0.101866,0.033556,-0.037817
2025-08-05T19:46:39.837278127Z,1.483208,-3.357868,9.035119,-0.159790,-0.052597,-0.125168
2025-08-05T19:46:39.857149588Z,1.278504,-3.172317,9.217078,-0.131294,-0.016778,-0.164583
2025-08-05T19:46:39.877049435Z,0.962469,-3.268085,9.188348,-0.022770,0.103863,-0.194411
2025-08-05T19:46:39.916820066Z,0.603339,-3.572149,9.087791,-0.047937,0.094276,-0.203998
2025-08-05T19:46:39.936650641Z,0.527921,-3.552995,9.054273,-0.076433,0.094010,-0.224238
2025-08-05T19:46:39.956503091Z,0.402226,-3.476381,9.293693,-0.068443,0.059388,-0.218912
2025-08-05T19:46:39.976430073Z,0.308852,-3.459621,9.116522,-0.036086,0.024901,-0.216781
2025-08-05T19:46:39.996294243Z,0.165200,-3.396175,9.212290,0.006392,0.045007,-0.194411
2025-08-05T19:46:40.016129193Z,0.211887,-3.332729,8.977658,0.052464,0.048203,-0.173105
2025-08-05T19:46:40.036010550Z,0.277727,-3.339911,8.695142,0.019175,0.012251,-0.140082
2025-08-05T19:46:40.075799618Z,0.442927,-3.163938,8.920197,-0.044874,-0.001065,-0.096406
2025-08-05T19:46:40.095642016Z,0.571017,-3.312378,8.704719,0.005326,0.075501,-0.086819
2025-08-05T19:46:40.115521758Z,0.762553,-3.292027,8.680777,0.055394,0.173105,-0.113451
2025-08-05T19:46:40.135342438Z,0.896629,-3.201048,8.561067,0.041812,0.146873,-0.143278
2025-08-05T19:46:40.155451349Z,0.828394,-3.169923,8.374319,0.032624,0.098670,-0.212520
2025-08-05T19:46:40.175117495Z,0.713472,-3.149572,8.158841,-0.057791,0.036885,-0.231695
2025-08-05T19:46:40.234705159Z,0.737414,-3.183091,8.359954,-0.046738,0.172972,-0.170975
2025-08-05T19:46:40.254558391Z,0.548272,-3.457227,8.431780,-0.018109,0.111054,-0.157126
2025-08-05T19:46:40.274456779Z,0.581791,-3.908534,8.278551,-0.029827,0.230496,-0.259392
2025-08-05T19:46:40.294331678Z,0.465672,-3.543418,8.666411,-0.060587,0.108257,-0.260457
2025-08-05T19:46:40.314185378Z,0.333991,-3.287239,8.723872,-0.040613,0.020240,-0.200802
2025-08-05T19:46:40.334067725Z,0.234632,-3.191471,8.824429,0.107858,0.110388,-0.175236
2025-08-05T19:46:40.373795646Z,0.211887,-3.648763,8.551490,0.163118,0.097871,-0.158192
2025-08-05T19:46:40.393709920Z,0.254982,-4.277241,8.613739,0.003329,0.030493,-0.216781
2025-08-05T19:46:40.413756904Z,-0.094571,-4.405331,9.274539,-0.204264,-0.200003,-0.147539
2025-08-05T19:46:40.433410758Z,-0.160412,-3.960010,9.662399,-0.227833,-0.171374,-0.035686
2025-08-05T19:46:40.453277376Z,-0.095768,-3.639187,9.892242,-0.009188,0.016778,0.025034
2025-08-05T19:46:40.473191493Z,-0.019154,-3.705027,9.662399,0.173238,0.037950,0.109190
2025-08-05T19:46:40.493031652Z,-0.028730,-3.724181,9.140464,0.256862,0.049135,0.134756
2025-08-05T19:46:40.532806553Z,-0.373495,-3.509900,8.273763,0.170043,-0.215849,0.227434
2025-08-05T19:46:40.552834735Z,-0.415394,-3.429694,7.871537,0.091613,-0.138484,0.315851
2025-08-05T19:46:40.572518902Z,-0.221464,-3.423708,7.967305,0.038882,-0.055261,0.406398
2025-08-05T19:46:40.592404634Z,0.219069,-3.533842,8.369531,-0.012783,-0.056725,0.480966
2025-08-05T19:46:40.612247293Z,0.578200,-3.715801,8.556278,-0.018908,-0.060853,0.455400
2025-08-05T19:46:40.632128702Z,0.525527,-3.696647,8.910620,0.055527,-0.180163,0.404268
2025-08-05T19:46:40.691768918Z,0.720655,-3.396175,8.747814,0.158724,0.069775,0.404268
2025-08-05T19:46:40.711613087Z,0.758962,-3.387795,8.747814,0.178565,0.040347,0.419181
2025-08-05T19:46:40.731458350Z,0.689530,-3.311181,8.848371,0.209591,0.112652,0.341417
2025-08-05T19:46:40.751361113Z,0.543484,-3.294421,9.111733,0.187353,-0.014514,0.278566
2025-08-05T19:46:40.771266064Z,0.304064,-3.198653,8.968081,0.217314,-0.123304,0.232760
2025-08-05T19:46:40.791099243Z,0.174777,-3.053804,8.747814,0.197340,-0.036618,0.214651
2025-08-05T19:46:40.811131904Z,0.469264,-2.941277,9.020754,0.141147,0.051133,0.241282
2025-08-05T19:46:40.850732012Z,0.433351,-2.749741,9.059061,0.303334,0.035953,0.161387
2025-08-05T19:46:40.870591077Z,0.351948,-2.718616,8.924985,0.258193,0.026232,0.132625
2025-08-05T19:46:40.890482955Z,0.372298,-2.562993,8.814852,0.160056,-0.002663,0.154996
2025-08-05T19:46:40.910340197Z,0.405817,-2.530671,9.083003,0.113850,0.088816,0.119842
2025-08-05T19:46:40.930249106Z,0.316035,-2.626439,9.485229,0.133957,0.002131,0.072971
2025-08-05T19:46:40.950060619Z,0.026336,-2.200271,9.619304,0.256995,-0.233293,0.016512
2025-08-05T19:46:40.989815624Z,-0.152032,-2.396596,8.465299,0.350472,-0.032890,0.030360
2025-08-05T19:46:41.009662241Z,0.148441,-2.415750,8.733449,0.268580,0.089216,0.116646
2025-08-05T19:46:41.029535994Z,0.405817,-2.323573,8.695142,0.240084,0.160988,0.115581
2025-08-05T19:46:41.049396257Z,0.480037,-1.890222,9.083003,0.215849,0.142346,0.085754
2025-08-05T19:46:41.069475063Z,0.587777,-1.759738,9.039907,0.213852,0.109323,0.045274
2025-08-05T19:46:41.089173450Z,0.641646,-1.900996,9.121310,0.186687,0.117978,-0.006924
2025-08-05T19:46:41.109052671Z,0.585382,-1.926135,9.039907,0.154596,0.123437,-0.030360
2025-08-05T19:46:41.148734290Z,0.488417,-1.777695,9.360730,0.107192,0.240483,-0.086819
2025-08-05T19:46:41.168627158Z,0.436942,-2.019509,9.183559,0.131427,0.174304,-0.176301
2025-08-05T19:46:41.188504869Z,0.423774,-2.051831,9.274539,0.100801,0.182293,-0.258859
2025-08-05T19:46:41.208353673Z,0.365116,-1.650802,9.399037,0.053796,0.186821,-0.295078
2025-08-05T19:46:41.228241801Z,0.222661,-1.533486,9.121310,0.124370,0.258326,-0.336623
2025-08-05T19:46:41.248083314Z,0.082600,-1.574188,9.015965,0.133557,0.305597,-0.360059
2025-08-05T19:46:41.307752177Z,0.014365,-2.013524,9.609727,-0.169111,0.250736,-0.384560
2025-08-05T19:46:41.327602179Z,0.124498,-1.954866,9.983223,-0.171507,0.235556,-0.399474
2025-08-05T19:46:41.347476140Z,-0.071826,-1.823185,9.935339,-0.139283,0.262987,-0.430366
2025-08-05T19:46:41.367367549Z,-0.260968,-1.681927,9.705495,-0.095874,0.282029,-0.476173
2025-08-05T19:46:41.387244687Z,-0.305261,-1.924938,9.590573,-0.079096,0.313321,-0.504935
2025-08-05T19:46:41.407083283Z,-0.436942,-1.910573,9.456498,-0.087751,0.298141,-0.501739
2025-08-05T19:46:41.466695479Z,-0.533907,-1.572991,9.671976,-0.125302,0.345145,-0.403735
2025-08-05T19:46:41.486571158Z,-0.433351,-1.618480,9.370307,-0.084023,0.357529,-0.378169
2025-08-05T19:46:41.506439911Z,-0.068235,-1.765724,9.547478,-0.206128,0.197873,-0.246076
2025-08-05T19:46:41.526285903Z,-0.056264,-1.642422,10.246585,-0.281895,-0.010386,-0.127832
2025-08-05T19:46:41.546187885Z,-0.225055,-1.982399,9.868300,-0.271509,-0.092412,-0.201335
2025-08-05T19:46:41.566068825Z,-0.040701,-2.173935,9.542689,-0.175635,0.466852,-0.485760
2025-08-05T19:46:41.605844039Z,-0.368707,-1.702277,9.734225,-0.065381,0.148737,-0.590156
2025-08-05T19:46:41.625906856Z,-0.766145,-2.078167,9.226655,-0.021838,0.243945,-0.556068
2025-08-05T19:46:41.645545502Z,-0.754174,-2.191892,9.619304,-0.027830,0.325571,-0.472977
2025-08-05T19:46:41.665402276Z,-0.768539,-2.027889,9.882666,0.041013,0.345412,-0.481499
2025-08-05T19:46:41.685257539Z,-0.879869,-1.867477,10.184336,0.207860,0.302668,-0.502804
2025-08-05T19:46:41.705131864Z,-1.017536,-2.060210,9.959281,0.346477,0.279365,-0.513457
2025-08-05T19:46:41.764750622Z,-1.051055,-1.787272,10.150817,0.370179,0.356064,-0.476173
2025-08-05T19:46:41.784631614Z,-0.900220,-1.996764,10.122087,0.372310,0.362989,-0.499609
2025-08-05T19:46:41.804510523Z,-1.010353,-1.982399,10.222643,0.298274,0.411991,-0.543284
2025-08-05T19:46:41.824564747Z,-1.028310,-1.918953,10.313622,0.239285,0.229964,-0.553937
2025-08-05T19:46:41.844235789Z,-1.328782,-1.697489,10.026319,0.175902,0.005726,-0.525175
2025-08-05T19:46:41.864113292Z,-1.538275,-1.820790,9.715072,-0.021039,-0.074036,-0.437823
2025-08-05T19:46:41.884000117Z,-1.586159,-1.960851,9.968858,-0.156194,0.044741,-0.376038
2025-08-05T19:46:41.923708247Z,-1.569399,-1.491588,10.691906,-0.114250,-0.102532,-0.266849
2025-08-05T19:46:41.943579448Z,-1.559822,-1.447295,10.514735,-0.052597,-0.201202,-0.189084
2025-08-05T19:46:41.963495909Z,-1.278504,-1.673547,10.179547,-0.008123,-0.204131,-0.167779
2025-08-05T19:46:41.983307005Z,-1.201889,-1.884237,9.767744,0.071373,-0.136221,-0.203998
2025-08-05T19:46:42.003201331Z,-1.131260,-2.048239,9.399037,0.099602,-0.205196,-0.231695
2025-08-05T19:46:42.023060917Z,-1.012747,-1.762132,9.394249,0.101067,-0.321177,-0.194411
2025-08-05T19:46:42.062791703Z,-0.521936,-1.900996,8.752603,0.327302,-0.362855,-0.298806
2025-08-05T19:46:42.082720769Z,-0.530316,-1.636437,8.570643,0.376970,-0.400140,-0.314785
2025-08-05T19:46:42.102537906Z,-0.215478,-1.649605,8.379107,0.417184,-0.398675,-0.293480
2025-08-05T19:46:42.122435045Z,-0.231040,-1.517924,8.450933,0.433429,-0.341950,-0.289219
2025-08-05T19:46:42.142271193Z,-0.457293,-1.212663,8.834005,0.458063,-0.565389,-0.180562
2025-08-05T19:46:42.162151925Z,-0.262165,-1.292869,8.537125,0.575908,-0.543284,-0.176301
2025-08-05T19:46:42.182062448Z,-0.514753,-1.568202,7.833230,0.706936,-0.212920,-0.167779
2025-08-05T19:46:42.202112193Z,-0.432153,-1.497573,8.853159,0.535694,-0.025167,-0.093211
2025-08-05T19:46:42.221766151Z,0.156820,-1.482011,8.905831,0.435293,0.159124,-0.144343
2025-08-05T19:46:42.241627820Z,0.057461,-1.049857,9.159617,0.513324,0.142612,-0.323307
2025-08-05T19:46:42.261510688Z,0.105345,-1.039083,9.097368,0.454468,-0.102798,-0.384028
2025-08-05T19:46:42.281408086Z,0.202310,-0.942118,9.284116,0.270044,-0.301336,-0.292415
2025-08-05T19:46:42.301277464Z,0.034716,-0.940921,9.494805,0.283893,-0.364320,-0.333960
2025-08-05T19:46:42.321113248Z,-0.146046,-0.808043,9.566631,0.450074,-0.241549,-0.462857
2025-08-05T19:46:42.380820184Z,0.108936,-0.650026,10.802039,0.450606,0.024368,-0.438356
2025-08-05T19:46:42.400618675Z,-0.191536,-0.605733,10.356718,0.118777,0.040214,-0.311590
2025-08-05T19:46:42.420481750Z,-0.313640,-0.411803,10.447698,0.105328,0.076566,-0.291350
2025-08-05T19:46:42.440327274Z,0.016759,-0.533907,10.174759,0.132359,0.191348,-0.390419
2025-08-05T19:46:42.460251131Z,0.197522,-0.568623,10.567408,0.105994,0.042744,-0.439421
2025-08-05T19:46:42.480095144Z,-0.034716,-0.559046,10.658387,-0.089482,-0.111320,-0.412790
2025-08-05T19:46:42.539685047Z,-0.610521,-0.432153,10.356718,-0.082558,-0.159923,-0.433030
2025-08-05T19:46:42.559607082Z,-0.430956,-0.404620,10.323199,0.030759,0.036885,-0.363788
2025-08-05T19:46:42.579437553Z,-0.189142,-0.424971,10.304046,0.001065,0.230896,-0.243413
2025-08-05T19:46:42.599290107Z,-0.128090,-0.377087,9.983223,-0.066179,0.140482,-0.177366
2025-08-05T19:46:42.619172245Z,-0.150835,-0.636858,9.887454,-0.121973,-0.019441,-0.116646
2025-08-05T19:46:42.639021727Z,-0.415394,-1.571793,10.308834,0.235157,0.665790,-0.160322
2025-08-05T19:46:42.698676735Z,0.532710,0.050278,10.931327,0.143677,-0.020906,-0.096406
2025-08-05T19:46:42.718556009Z,-0.345962,0.235829,10.222643,0.044208,-0.001198,-0.010120
2025-08-05T19:46:42.738387469Z,-0.478840,0.159214,9.935339,-0.006525,-0.002929,0.036752
2025-08-05T19:46:42.758469505Z,-0.483629,-0.095768,9.628881,-0.014514,-0.003595,0.074036
2025-08-05T19:46:42.778410498Z,-0.354342,-0.311246,9.815628,0.008922,-0.006125,0.026099
2025-08-05T19:46:42.797383460Z,-0.146046,-0.600945,9.518747,0.021039,-0.011585,-0.037817
2025-08-05T19:46:42.837764410Z,-0.101754,-0.125696,9.748590,-0.043676,-0.013582,-0.022903
2025-08-05T19:46:42.857626287Z,-0.057461,-0.168791,9.767744,-0.051798,-0.004661,-0.021838
2025-08-05T19:46:42.877497436Z,-0.387861,-0.365116,9.638457,-0.055127,-0.011984,-0.019707
2025-08-05T19:46:42.897381918Z,-0.143652,-0.284910,9.695918,0.051665,-0.010120,-0.014381
2025-08-05T19:46:42.917228951Z,-0.015562,0.092177,9.920973,0.087751,-0.002796,-0.013316
2025-08-05T19:46:42.937101558Z,-0.290895,-0.266953,9.820416,0.008522,-0.002397,-0.014381
2025-08-05T19:46:42.996723702Z,-0.105345,-0.189142,9.753379,-0.001465,-0.006525,-0.014381
2025-08-05T19:46:43.016580475Z,-0.130484,-0.204704,9.729437,-0.001997,-0.009321,-0.014381
2025-08-05T19:46:43.036451988Z,-0.100556,-0.207098,9.724648,-0.000799,-0.008922,-0.014381
2025-08-05T19:46:43.056339543Z,-0.117316,-0.220267,9.739014,-0.001997,-0.009587,-0.015446
2025-08-05T19:46:43.076400277Z,-0.105345,-0.198719,9.743802,-0.005193,-0.009454,-0.014381
2025-08-05T19:46:43.096106632Z,-0.090980,-0.209493,9.734225,-0.004128,-0.008922,-0.014381
2025-08-05T19:46:43.155706431Z,-0.116119,-0.189142,9.739014,-0.003063,-0.009188,-0.014381
2025-08-05T19:46:43.175549298Z,-0.118513,-0.215478,9.719860,-0.002929,-0.009587,-0.014381
2025-08-05T19:46:43.195443520Z,-0.120907,-0.207098,9.734225,-0.002929,-0.008123,-0.014381
2025-08-05T19:46:43.215289772Z,-0.112527,-0.209493,9.724648,-0.004128,-0.009454,-0.014381
2025-08-05T19:46:43.235383840Z,-0.110133,-0.202310,9.715072,-0.002530,-0.008655,-0.014381
2025-08-05T19:46:43.255252280Z,-0.117316,-0.190339,9.724648,-0.001864,-0.009454,-0.015446
2025-08-05T19:46:43.275117074Z,-0.114922,-0.205901,9.734225,-0.001864,-0.008655,-0.014381
2025-08-05T19:46:43.314852287Z,-0.128090,-0.214281,9.705495,-0.001997,-0.008788,-0.014381
2025-08-05T19:46:43.334522496Z,-0.107739,-0.221464,9.724648,-0.001465,-0.007723,-0.014381
2025-08-05T19:46:43.354396561Z,-0.107739,-0.209493,9.710283,-0.002264,-0.007590,-0.014381
2025-08-05T19:46:43.374297346Z,-0.111330,-0.196325,9.739014,-0.001997,-0.008922,-0.014381
2025-08-05T19:46:43.394126254Z,-0.095768,-0.186748,9.729437,-0.001864,-0.008788,-0.014381
2025-08-05T19:46:43.414021361Z,-0.111330,-0.225055,9.729437,-0.001864,-0.008788,-0.014381
2025-08-05T19:46:43.453720949Z,-0.125696,-0.227449,9.729437,-0.001997,-0.008788,-0.014381
2025-08-05T19:46:43.473663713Z,-0.116119,-0.216675,9.743802,-0.001065,-0.008922,-0.014381
2025-08-05T19:46:43.493483871Z,-0.100556,-0.159214,9.705495,-0.000000,-0.007191,-0.014381
2025-08-05T19:46:43.513368145Z,-0.110133,-0.181959,9.743802,-0.001598,-0.007856,-0.014381
2025-08-05T19:46:43.533202939Z,-0.100556,-0.215478,9.724648,-0.002397,-0.007856,-0.014381
2025-08-05T19:46:43.553088410Z,-0.110133,-0.222661,9.705495,-0.003329,-0.008389,-0.014381
2025-08-05T19:46:43.573019612Z,-0.094571,-0.226252,9.777321,-0.002397,-0.007856,-0.014381
2025-08-05T19:46:43.612723471Z,-0.131681,-0.184354,9.719860,-0.002796,-0.009321,-0.015446
2025-08-05T19:46:43.632736912Z,-0.124498,-0.203507,9.743802,-0.002530,-0.007590,-0.014381
2025-08-05T19:46:43.652681655Z,-0.101754,-0.231040,9.734225,-0.004128,-0.009454,-0.015446
2025-08-05T19:46:43.672338427Z,-0.104148,-0.213084,9.719860,-0.003995,-0.009587,-0.015446
2025-08-05T19:46:43.692203429Z,-0.116119,-0.201113,9.719860,-0.001864,-0.009188,-0.014381
2025-08-05T19:46:43.712069161Z,-0.125696,-0.184354,9.724648,-0.002397,-0.007590,-0.014381
2025-08-05T19:46:43.751827760Z,-0.107739,-0.199916,9.719860,-0.003462,-0.007723,-0.014381
2025-08-05T19:46:43.791750267Z,-0.112527,-0.220267,9.719860,-0.002663,-0.008389,-0.015446
2025-08-05T19:46:43.811419591Z,-0.120907,-0.202310,9.743802,-0.002796,-0.009587,-0.015446
2025-08-05T19:46:43.831282927Z,-0.123301,-0.192733,9.743802,-0.003063,-0.009587,-0.015446
2025-08-05T19:46:43.851170533Z,-0.119710,-0.205901,9.686341,-0.002530,-0.008389,-0.015446
2025-08-05T19:46:43.871237049Z,-0.131681,-0.227449,9.619304,0.000133,-0.007856,-0.014381
2025-08-05T19:46:43.891105124Z,-0.100556,-0.208296,9.748590,-0.001332,-0.009055,-0.014381
2025-08-05T19:46:43.910978877Z,-0.099359,-0.197522,9.729437,-0.003995,-0.009321,-0.014381
2025-08-05T19:46:43.930623356Z,-0.116119,-0.180762,9.739014,-0.001465,-0.008522,-0.015446
2025-08-05T19:46:43.950523672Z,-0.138864,-0.197522,9.743802,-0.001465,-0.008522,-0.015446
2025-08-05T19:46:43.970399560Z,-0.122104,-0.209493,9.724648,-0.003063,-0.007989,-0.014381
2025-08-05T19:46:43.990256073Z,-0.118513,-0.214281,9.743802,-0.003728,-0.008123,-0.014381
